,Year,RegionDisplay,WorldBankIncomeGroupDisplay,Country,SexDisplay,Status,Life_expectancy_,Adult_Mortality,infant_deaths,Alcohol,percentage_expenditure,Hepatitis_B,Measles_,_BMI_,under-five_deaths_,Polio,Total_expenditure,Diphtheria_,_HIV/AIDS,GDP,Population,Income_composition_of_resources,Schooling
0,2012,Europe,High_income,Ireland,Male,Developed,85.0,69.0,0,11.49,6616.695125,95.0,107,6.5,0,95.0,8.32,95.0,0.1,49231.36254,4586897.0,0.895,18.5
5,2012,Europe,High_income,Ireland,Female,Developed,85.0,69.0,0,11.49,6616.695125,95.0,107,6.5,0,95.0,8.32,95.0,0.1,49231.36254,4586897.0,0.895,18.5
28,2012,Americas,Upper_middle_income,Chile,Male,Developing,79.9,84.0,2,6.76,2260.777642,9.0,0,61.8,2,9.0,7.24,9.0,0.1,15431.9293,1739746.0,0.826,15.5
29,2012,Americas,Upper_middle_income,Chile,Female,Developing,79.9,84.0,2,6.76,2260.777642,9.0,0,61.8,2,9.0,7.24,9.0,0.1,15431.9293,1739746.0,0.826,15.5
92,2012,Western Pacific,High_income,Australia,Male,Developed,82.3,61.0,1,10.03,11714.99858,91.0,199,65.0,1,92.0,9.36,92.0,0.1,67677.63477,22728254.0,0.93,20.1
93,2012,Western Pacific,High_income,Australia,Female,Developed,82.3,61.0,1,10.03,11714.99858,91.0,199,65.0,1,92.0,9.36,92.0,0.1,67677.63477,22728254.0,0.93,20.1
155,2012,Western Pacific,Lower_middle_income,Tonga,Female,Developing,73.0,138.0,0,0.01,63.80294988,77.0,0,73.8,0,79.0,4.51,77.0,0.1,451.542462,14951.0,0.717,14.4
157,2012,Western Pacific,Lower_middle_income,Tonga,Male,Developing,73.0,138.0,0,0.01,63.80294988,77.0,0,73.8,0,79.0,4.51,77.0,0.1,451.542462,14951.0,0.717,14.4
234,2012,Western Pacific,Lower_middle_income,Mongolia,Female,Developing,67.8,231.0,1,0.01,253.8285861,99.0,0,49.2,2,99.0,4.22,99.0,0.1,4368.82248,2814226.0,0.712,14.7
235,2012,Western Pacific,Lower_middle_income,Mongolia,Male,Developing,67.8,231.0,1,0.01,253.8285861,99.0,0,49.2,2,99.0,4.22,99.0,0.1,4368.82248,2814226.0,0.712,14.7
243,2012,Europe,Lower_middle_income,Armenia,Female,Developing,74.4,121.0,1,3.89,274.1526986,95.0,0,52.6,1,96.0,4.48,95.0,0.1,3684.8481,2881922.0,0.732,12.7
245,2012,Europe,Lower_middle_income,Armenia,Male,Developing,74.4,121.0,1,3.89,274.1526986,95.0,0,52.6,1,96.0,4.48,95.0,0.1,3684.8481,2881922.0,0.732,12.7
262,2012,Africa,Low_income,Guinea,Male,Developing,58.4,288.0,28,0.01,4.344930862,62.0,6,21.7,42,63.0,5.39,62.0,1.9,52.3485646,11281469.0,0.396,8.5
265,2012,Africa,Low_income,Guinea,Female,Developing,58.4,288.0,28,0.01,4.344930862,62.0,6,21.7,42,63.0,5.39,62.0,1.9,52.3485646,11281469.0,0.396,8.5
325,2012,Europe,Upper_middle_income,Belarus,Female,Developing,71.9,194.0,0,16.35,91.70962117,97.0,10,6.5,1,98.0,5.1,98.0,0.1,694.243915,9464495.0,0.793,15.6
328,2012,Europe,Upper_middle_income,Belarus,Male,Developing,71.9,194.0,0,16.35,91.70962117,97.0,10,6.5,1,98.0,5.1,98.0,0.1,694.243915,9464495.0,0.793,15.6
333,2012,Western Pacific,Lower_middle_income,Vanuatu,Male,Developing,71.4,138.0,0,0.01,427.9885222,64.0,0,5.8,0,65.0,3.7,64.0,0.1,3158.58688,247485.0,0.592,10.8
335,2012,Western Pacific,Lower_middle_income,Vanuatu,Female,Developing,71.4,138.0,0,0.01,427.9885222,64.0,0,5.8,0,65.0,3.7,64.0,0.1,3158.58688,247485.0,0.592,10.8
378,2012,Western Pacific,Upper_middle_income,Fiji,Male,Developing,69.4,195.0,0,0.01,431.4854874,99.0,0,6.2,0,99.0,4.16,99.0,0.1,4546.73854,873596.0,0.714,14.9
379,2012,Western Pacific,Upper_middle_income,Fiji,Female,Developing,69.4,195.0,0,0.01,431.4854874,99.0,0,6.2,0,99.0,4.16,99.0,0.1,4546.73854,873596.0,0.714,14.9
387,2012,Eastern Mediterranean,Lower_middle_income,Djibouti,Male,Developing,62.2,263.0,1,0.52,217.2125786,81.0,709,33.2,2,81.0,8.95,81.0,1.9,1536.15685,881185.0,0.46,6.3
389,2012,Eastern Mediterranean,Lower_middle_income,Djibouti,Female,Developing,62.2,263.0,1,0.52,217.2125786,81.0,709,33.2,2,81.0,8.95,81.0,1.9,1536.15685,881185.0,0.46,6.3
397,2012,Africa,Low_income,Benin,Male,Developing,59.3,251.0,25,0.01,9.80407467,8.0,288,24.1,39,8.0,4.86,8.0,1.3,837.9551,972916.0,0.458,10.0
398,2012,Africa,Low_income,Benin,Female,Developing,59.3,251.0,25,0.01,9.80407467,8.0,288,24.1,39,8.0,4.86,8.0,1.3,837.9551,972916.0,0.458,10.0
414,2012,Europe,Upper_middle_income,Lithuania,Female,Developed,73.0,176.0,0,15.14,1807.071336,93.0,0,6.9,0,93.0,6.67,93.0,0.1,14341.836,2987773.0,0.83,16.5
416,2012,Europe,Upper_middle_income,Lithuania,Male,Developed,73.0,176.0,0,15.14,1807.071336,93.0,0,6.9,0,93.0,6.67,93.0,0.1,14341.836,2987773.0,0.83,16.5
424,2012,Americas,Lower_middle_income,Guyana,Female,Developing,65.8,22.0,0,7.57,497.4719464,97.0,0,44.1,1,97.0,6.57,97.0,0.3,3785.935665,75391.0,0.63,10.6
426,2012,Americas,Lower_middle_income,Guyana,Male,Developing,65.8,22.0,0,7.57,497.4719464,97.0,0,44.1,1,97.0,6.57,97.0,0.3,3785.935665,75391.0,0.63,10.6
441,2012,Americas,Upper_middle_income,Uruguay,Male,Developing,76.5,118.0,0,5.77,339.7190493,95.0,0,62.3,0,95.0,8.74,95.0,0.1,1592.6819,3396777.0,0.784,15.5
446,2012,Americas,Upper_middle_income,Uruguay,Female,Developing,76.5,118.0,0,5.77,339.7190493,95.0,0,62.3,0,95.0,8.74,95.0,0.1,1592.6819,3396777.0,0.784,15.5
450,2012,Western Pacific,Lower_middle_income,China,Female,Developing,75.4,89.0,201,5.74,94.4344566,99.0,6183,3.0,233,99.0,5.26,99.0,0.1,6337.882993,135695.0,0.703,12.4
451,2012,Western Pacific,Lower_middle_income,China,Male,Developing,75.4,89.0,201,5.74,94.4344566,99.0,6183,3.0,233,99.0,5.26,99.0,0.1,6337.882993,135695.0,0.703,12.4
612,2012,Americas,Upper_middle_income,Panama,Male,Developing,77.2,12.0,1,6.95,201.7490628,85.0,0,55.6,1,87.0,7.25,85.0,0.1,1589.82713,3772938.0,0.765,12.8
613,2012,Americas,Upper_middle_income,Panama,Female,Developing,77.2,12.0,1,6.95,201.7490628,85.0,0,55.6,1,87.0,7.25,85.0,0.1,1589.82713,3772938.0,0.765,12.8
684,2012,Europe,High_income,Germany,Male,Developed,86.0,71.0,2,11.18,839.91332,88.0,166,6.9,3,94.0,1.99,95.0,0.1,4465.24891,8425823.0,0.916,16.9
688,2012,Europe,High_income,Germany,Female,Developed,86.0,71.0,2,11.18,839.91332,88.0,166,6.9,3,94.0,1.99,95.0,0.1,4465.24891,8425823.0,0.916,16.9
693,2012,Europe,High_income,Croatia,Male,Developed,77.1,14.0,0,11.49,1851.713262,98.0,2,61.9,0,96.0,7.8,96.0,0.1,13235.97757,4267558.0,0.815,14.6
696,2012,Europe,High_income,Croatia,Female,Developed,77.1,14.0,0,11.49,1851.713262,98.0,2,61.9,0,96.0,7.8,96.0,0.1,13235.97757,4267558.0,0.815,14.6
765,2012,Africa,Low_income,Zimbabwe,Male,Developing,56.6,429.0,26,6.09,92.60233636,97.0,0,3.3,39,95.0,6.69,95.0,8.8,955.648466,1471826.0,0.464,9.8
766,2012,Africa,Low_income,Zimbabwe,Female,Developing,56.6,429.0,26,6.09,92.60233636,97.0,0,3.3,39,95.0,6.69,95.0,8.8,955.648466,1471826.0,0.464,9.8
883,2012,Eastern Mediterranean,Lower_middle_income,Iraq,Female,Developing,76.0,147.0,32,0.01,429.6625083,61.0,15,57.2,39,7.0,5.26,69.0,0.1,6651.12242,32776571.0,0.656,10.5
884,2012,Eastern Mediterranean,Lower_middle_income,Iraq,Male,Developing,76.0,147.0,32,0.01,429.6625083,61.0,15,57.2,39,7.0,5.26,69.0,0.1,6651.12242,32776571.0,0.656,10.5
901,2012,Africa,Low_income,Madagascar,Male,Developing,64.3,235.0,30,0.87,59.97914461,7.0,2,19.0,42,71.0,3.46,7.0,0.4,443.9611,22346573.0,0.506,10.2
905,2012,Africa,Low_income,Madagascar,Female,Developing,64.3,235.0,30,0.87,59.97914461,7.0,2,19.0,42,71.0,3.46,7.0,0.4,443.9611,22346573.0,0.506,10.2
945,2012,Africa,Low_income,Comoros,Male,Developing,62.5,237.0,2,0.01,78.39008571,89.0,1,22.6,2,85.0,7.11,86.0,0.8,788.632653,723868.0,0.484,10.8
949,2012,Africa,Low_income,Comoros,Female,Developing,62.5,237.0,2,0.01,78.39008571,89.0,1,22.6,2,85.0,7.11,86.0,0.8,788.632653,723868.0,0.484,10.8
990,2012,Africa,Lower_middle_income,Sao Tome and Principe,Male,Developing,66.9,194.0,0,0.01,8.198047581,96.0,0,28.5,0,96.0,8.6,96.0,0.5,138.949959,182889.0,0.553,10.8
991,2012,Africa,Lower_middle_income,Sao Tome and Principe,Female,Developing,66.9,194.0,0,0.01,8.198047581,96.0,0,28.5,0,96.0,8.6,96.0,0.5,138.949959,182889.0,0.553,10.8
1055,2012,Africa,Lower_middle_income,Cameroon,Male,Developing,55.9,369.0,50,0.01,68.55839112,85.0,609,27.2,76,85.0,4.34,85.0,4.6,1255.648189,2182383.0,0.496,10.4
1057,2012,Africa,Lower_middle_income,Cameroon,Female,Developing,55.9,369.0,50,0.01,68.55839112,85.0,609,27.2,76,85.0,4.34,85.0,4.6,1255.648189,2182383.0,0.496,10.4
1125,2012,Americas,Upper_middle_income,Costa Rica,Female,Developing,79.2,97.0,1,3.34,2568.237059,91.0,0,57.5,1,9.0,9.56,91.0,0.1,9985.36959,4654122.0,0.758,13.6
1129,2012,Americas,Upper_middle_income,Costa Rica,Male,Developing,79.2,97.0,1,3.34,2568.237059,91.0,0,57.5,1,9.0,9.56,91.0,0.1,9985.36959,4654122.0,0.758,13.6
1134,2012,Americas,High_income,Canada,Male,Developing,81.6,68.0,2,8.3,9748.636237,7.0,10,65.3,2,99.0,1.78,95.0,0.1,52496.69487,3475545.0,0.907,15.9
1135,2012,Americas,High_income,Canada,Female,Developing,81.6,68.0,2,8.3,9748.636237,7.0,10,65.3,2,99.0,1.78,95.0,0.1,52496.69487,3475545.0,0.907,15.9
1143,2012,Africa,Low_income,Sierra Leone,Male,Developing,49.7,411.0,25,0.01,54.56033696,91.0,678,22.7,35,91.0,11.24,91.0,0.9,561.8984239,676613.0,0.401,9.1
1144,2012,Africa,Low_income,Sierra Leone,Female,Developing,49.7,411.0,25,0.01,54.56033696,91.0,678,22.7,35,91.0,11.24,91.0,0.9,561.8984239,676613.0,0.401,9.1
1206,2012,Europe,High_income,Spain,Female,Developed,82.0,61.0,1,9.35,4255.781693,96.0,1204,64.8,2,97.0,9.39,97.0,0.1,28562.29324,4677355.0,0.871,17.2
1208,2012,Europe,High_income,Spain,Male,Developed,82.0,61.0,1,9.35,4255.781693,96.0,1204,64.8,2,97.0,9.39,97.0,0.1,28562.29324,4677355.0,0.871,17.2
1260,2012,Africa,Low_income,Uganda,Female,Developing,60.0,339.0,73,0.01,92.88697859,78.0,2027,17.2,109,82.0,7.58,78.0,4.6,647.74741,3636796.0,0.477,10.0
1264,2012,Africa,Low_income,Uganda,Male,Developing,60.0,339.0,73,0.01,92.88697859,78.0,2027,17.2,109,82.0,7.58,78.0,4.6,647.74741,3636796.0,0.477,10.0
1269,2012,Europe,Upper_middle_income,Serbia,Female,Developing,74.9,126.0,1,9.38,742.5109709,97.0,0,58.3,1,93.0,9.89,91.0,0.1,5659.3824,719977.0,0.767,14.0
1270,2012,Europe,Upper_middle_income,Serbia,Male,Developing,74.9,126.0,1,9.38,742.5109709,97.0,0,58.3,1,93.0,9.89,91.0,0.1,5659.3824,719977.0,0.767,14.0
1323,2012,Western Pacific,Lower_middle_income,Papua New Guinea,Male,Developing,62.2,284.0,10,0.01,31.6357652,68.0,0,46.4,13,81.0,4.55,74.0,1.0,271.318741,743836.0,0.501,9.9
1324,2012,Western Pacific,Lower_middle_income,Papua New Guinea,Female,Developing,62.2,284.0,10,0.01,31.6357652,68.0,0,46.4,13,81.0,4.55,74.0,1.0,271.318741,743836.0,0.501,9.9
1332,2012,Europe,Lower_middle_income,Turkmenistan,Male,Developing,65.6,22.0,7,2.75,579.4128244,98.0,0,45.9,8,98.0,1.96,97.0,0.1,6675.262954,5267839.0,0.672,10.7
1333,2012,Europe,Lower_middle_income,Turkmenistan,Female,Developing,65.6,22.0,7,2.75,579.4128244,98.0,0,45.9,8,98.0,1.96,97.0,0.1,6675.262954,5267839.0,0.672,10.7
1371,2012,South_East Asia,Lower_middle_income,Thailand,Female,Developing,74.3,154.0,9,6.56,801.0504655,98.0,5197,3.1,11,99.0,4.17,99.0,0.1,5859.915622,67843979.0,0.729,13.7
1372,2012,South_East Asia,Lower_middle_income,Thailand,Male,Developing,74.3,154.0,9,6.56,801.0504655,98.0,5197,3.1,11,99.0,4.17,99.0,0.1,5859.915622,67843979.0,0.729,13.7
1398,2012,South_East Asia,Lower_middle_income,Maldives,Male,Developing,77.6,65.0,0,0.01,1259.940376,99.0,0,24.1,0,99.0,9.16,99.0,0.1,6541.7465,385.0,0.675,12.1
1400,2012,South_East Asia,Lower_middle_income,Maldives,Female,Developing,77.6,65.0,0,0.01,1259.940376,99.0,0,24.1,0,99.0,9.16,99.0,0.1,6541.7465,385.0,0.675,12.1
1435,2012,Americas,Upper_middle_income,Dominican Republic,Male,Developing,72.1,174.0,6,5.93,857.1307037,74.0,0,55.8,7,85.0,4.26,85.0,0.4,5968.876767,115495.0,0.706,13.1
1440,2012,Americas,Upper_middle_income,Dominican Republic,Female,Developing,72.1,174.0,6,5.93,857.1307037,74.0,0,55.8,7,85.0,4.26,85.0,0.4,5968.876767,115495.0,0.706,13.1
1497,2012,Africa,Lower_middle_income,Nigeria,Male,Developing,52.7,374.0,505,8.54,204.7186256,42.0,6447,23.5,788,42.0,3.3,42.0,4.4,2755.297787,167297284.0,0.507,9.7
1498,2012,Africa,Lower_middle_income,Nigeria,Female,Developing,52.7,374.0,505,8.54,204.7186256,42.0,6447,23.5,788,42.0,3.3,42.0,4.4,2755.297787,167297284.0,0.507,9.7
1525,2012,South_East Asia,Lower_middle_income,India,Male,Developing,67.3,19.0,1100,3.1,64.96964491,73.0,18668,17.0,1400,79.0,4.39,82.0,0.2,1446.98541,126365852.0,0.59,11.3
1530,2012,South_East Asia,Lower_middle_income,India,Female,Developing,67.3,19.0,1100,3.1,64.96964491,73.0,18668,17.0,1400,79.0,4.39,82.0,0.2,1446.98541,126365852.0,0.59,11.3
1677,2012,Eastern Mediterranean,Lower_middle_income,Tunisia,Male,Developing,74.9,13.0,3,1.3,585.8776761,97.0,48,58.3,3,97.0,7.18,97.0,0.1,4137.55421,1886668.0,0.717,14.6
1680,2012,Eastern Mediterranean,Lower_middle_income,Tunisia,Female,Developing,74.9,13.0,3,1.3,585.8776761,97.0,48,58.3,3,97.0,7.18,97.0,0.1,4137.55421,1886668.0,0.717,14.6
1740,2012,Americas,Lower_middle_income,Paraguay,Male,Developing,73.6,148.0,3,5.36,441.8446244,87.0,0,47.9,3,83.0,1.33,87.0,0.1,3855.537735,6379219.0,0.679,12.3
1746,2012,Americas,Lower_middle_income,Paraguay,Female,Developing,73.6,148.0,3,5.36,441.8446244,87.0,0,47.9,3,83.0,1.33,87.0,0.1,3855.537735,6379219.0,0.679,12.3
1776,2012,Europe,High_income,Sweden,Female,Developed,81.7,57.0,0,7.4,10947.02327,53.0,30,58.1,0,98.0,11.8,98.0,0.1,57134.777,9519374.0,0.903,15.8
1777,2012,Europe,High_income,Sweden,Male,Developed,81.7,57.0,0,7.4,10947.02327,53.0,30,58.1,0,98.0,11.8,98.0,0.1,57134.777,9519374.0,0.903,15.8
1866,2012,Europe,High_income,Portugal,Male,Developed,83.0,81.0,0,11.96,331.457035,98.0,23,59.5,0,98.0,9.74,98.0,0.1,2577.4264,1514844.0,0.824,16.3
1867,2012,Europe,High_income,Portugal,Female,Developed,83.0,81.0,0,11.96,331.457035,98.0,23,59.5,0,98.0,9.74,98.0,0.1,2577.4264,1514844.0,0.824,16.3
1876,2012,Europe,Low_income,Tajikistan,Male,Developing,68.8,164.0,10,0.01,71.50892145,94.0,16,38.2,12,96.0,6.39,94.0,0.2,954.725253,799562.0,0.613,11.1
1881,2012,Europe,Low_income,Tajikistan,Female,Developing,68.8,164.0,10,0.01,71.50892145,94.0,16,38.2,12,96.0,6.39,94.0,0.2,954.725253,799562.0,0.613,11.1
1884,2012,Europe,High_income,Cyprus,Female,Developed,80.0,56.0,0,10.55,2159.756205,96.0,1,58.7,0,99.0,7.44,99.0,0.1,28951.15556,113562.0,0.85,13.8
1888,2012,Europe,High_income,Cyprus,Male,Developed,80.0,56.0,0,10.55,2159.756205,96.0,1,58.7,0,99.0,7.44,99.0,0.1,28951.15556,113562.0,0.85,13.8
1939,2012,Eastern Mediterranean,Lower_middle_income,Pakistan,Female,Developing,65.7,165.0,369,0.04,59.65900139,72.0,8046,23.2,456,72.0,2.76,72.0,0.1,1261.28967,177911533.0,0.529,7.6
1944,2012,Eastern Mediterranean,Lower_middle_income,Pakistan,Male,Developing,65.7,165.0,369,0.04,59.65900139,72.0,8046,23.2,456,72.0,2.76,72.0,0.1,1261.28967,177911533.0,0.529,7.6
1947,2012,Africa,Low_income,Mali,Female,Developing,57.2,27.0,53,0.01,96.5465827,66.0,341,21.9,88,72.0,6.47,66.0,1.5,777.3476868,16667.0,0.411,7.7
1952,2012,Africa,Low_income,Mali,Male,Developing,57.2,27.0,53,0.01,96.5465827,66.0,341,21.9,88,72.0,6.47,66.0,1.5,777.3476868,16667.0,0.411,7.7
1993,2012,Africa,Lower_middle_income,Angola,Male,Developing,56.0,358.0,72,8.24,256.1225243,75.0,4458,21.5,110,75.0,3.3,75.0,2.6,4598.249988,259615.0,0.508,10.3
1994,2012,Africa,Lower_middle_income,Angola,Female,Developing,56.0,358.0,72,8.24,256.1225243,75.0,4458,21.5,110,75.0,3.3,75.0,2.6,4598.249988,259615.0,0.508,10.3
2001,2012,South_East Asia,Lower_middle_income,Sri Lanka,Male,Developing,74.5,143.0,3,2.8,20.76877311,99.0,51,21.2,4,99.0,3.21,99.0,0.1,335.521375,2425.0,0.752,13.7
2007,2012,South_East Asia,Lower_middle_income,Sri Lanka,Female,Developing,74.5,143.0,3,2.8,20.76877311,99.0,51,21.2,4,99.0,3.21,99.0,0.1,335.521375,2425.0,0.752,13.7
2012,2012,Europe,Upper_middle_income,Poland,Female,Developed,76.8,125.0,2,10.81,230.040097,97.0,71,59.7,2,95.0,6.62,99.0,0.1,13145.1484,3863164.0,0.834,15.3
2014,2012,Europe,Upper_middle_income,Poland,Male,Developed,76.8,125.0,2,10.81,230.040097,97.0,71,59.7,2,95.0,6.62,99.0,0.1,13145.1484,3863164.0,0.834,15.3
2019,2012,Europe,Upper_middle_income,Latvia,Male,Developed,73.8,163.0,0,10.21,1356.022164,9.0,3,59.8,0,91.0,5.91,91.0,0.1,13822.8559,234319.0,0.812,15.5
2022,2012,Europe,Upper_middle_income,Latvia,Female,Developed,73.8,163.0,0,10.21,1356.022164,9.0,3,59.8,0,91.0,5.91,91.0,0.1,13822.8559,234319.0,0.812,15.5
2028,2012,South_East Asia,Low_income,Nepal,Male,Developing,68.9,167.0,20,0.26,80.58788376,9.0,3362,17.4,25,9.0,5.89,9.0,0.2,681.7925868,27649925.0,0.538,12.3
2033,2012,South_East Asia,Low_income,Nepal,Female,Developing,68.9,167.0,20,0.26,80.58788376,9.0,3362,17.4,25,9.0,5.89,9.0,0.2,681.7925868,27649925.0,0.538,12.3
2064,2012,Africa,Low_income,Central African Republic,Male,Developing,53.0,439.0,16,0.01,7.344808214,47.0,141,21.2,23,47.0,3.62,47.0,5.1,486.41114,449416.0,0.366,7.1
2065,2012,Africa,Low_income,Central African Republic,Female,Developing,53.0,439.0,16,0.01,7.344808214,47.0,141,21.2,23,47.0,3.62,47.0,5.1,486.41114,449416.0,0.366,7.1
2120,2012,Europe,High_income,Luxembourg,Female,Developed,81.1,7.0,0,11.34,2284.58215,94.0,2,6.1,0,99.0,7.18,99.0,0.1,16749.136,53946.0,0.892,13.9
2121,2012,Europe,High_income,Luxembourg,Male,Developed,81.1,7.0,0,11.34,2284.58215,94.0,2,6.1,0,99.0,7.18,99.0,0.1,16749.136,53946.0,0.892,13.9
2154,2012,Africa,Upper_middle_income,Namibia,Female,Developing,65.8,232.0,3,0.01,796.8734263,84.0,86,33.3,4,84.0,8.24,84.0,3.7,5749.44752,2263934.0,0.619,11.5
2160,2012,Africa,Upper_middle_income,Namibia,Male,Developing,65.8,232.0,3,0.01,796.8734263,84.0,86,33.3,4,84.0,8.24,84.0,3.7,5749.44752,2263934.0,0.619,11.5
2181,2012,Europe,High_income,Estonia,Female,Developing,76.3,135.0,0,0.01,2263.103797,94.0,4,58.5,0,94.0,6.36,94.0,0.1,17421.8922,1322696.0,0.85,16.5
2182,2012,Europe,High_income,Estonia,Male,Developing,76.3,135.0,0,0.01,2263.103797,94.0,4,58.5,0,94.0,6.36,94.0,0.1,17421.8922,1322696.0,0.85,16.5
2201,2012,Africa,Low_income,Malawi,Female,Developing,55.3,42.0,31,0.01,82.76865922,96.0,11,18.4,46,95.0,12.6,96.0,8.3,374.51882,169735.0,0.454,10.7
2202,2012,Africa,Low_income,Malawi,Male,Developing,55.3,42.0,31,0.01,82.76865922,96.0,11,18.4,46,95.0,12.6,96.0,8.3,374.51882,169735.0,0.454,10.7
2208,2012,South_East Asia,Low_income,Bangladesh,Female,Developing,77.0,137.0,111,0.01,59.2589257,94.0,1986,16.4,139,94.0,3.8,94.0,0.1,856.342857,15572753.0,0.557,9.9
2211,2012,South_East Asia,Low_income,Bangladesh,Male,Developing,77.0,137.0,111,0.01,59.2589257,94.0,1986,16.4,139,94.0,3.8,94.0,0.1,856.342857,15572753.0,0.557,9.9
2244,2012,Western Pacific,Lower_middle_income,Kiribati,Male,Developing,65.7,24.0,0,0.01,147.4549755,94.0,0,76.2,0,92.0,1.37,94.0,0.1,1763.815497,16613.0,0.581,11.9
2248,2012,Western Pacific,Lower_middle_income,Kiribati,Female,Developing,65.7,24.0,0,0.01,147.4549755,94.0,0,76.2,0,92.0,1.37,94.0,0.1,1763.815497,16613.0,0.581,11.9
2263,2012,Europe,High_income,Netherlands,Female,Developed,81.1,62.0,1,9.05,1162.656768,2.0,10,6.5,1,97.0,11.1,97.0,0.1,49474.7561,16754962.0,0.921,18.1
2264,2012,Europe,High_income,Netherlands,Male,Developed,81.1,62.0,1,9.05,1162.656768,2.0,10,6.5,1,97.0,11.1,97.0,0.1,49474.7561,16754962.0,0.921,18.1
2280,2012,South_East Asia,Lower_middle_income,Indonesia,Male,Developing,68.5,183.0,129,0.08,254.4688257,83.0,15489,24.7,154,84.0,2.9,83.0,0.3,3687.953996,248883232.0,0.669,12.6
2281,2012,South_East Asia,Lower_middle_income,Indonesia,Female,Developing,68.5,183.0,129,0.08,254.4688257,83.0,15489,24.7,154,84.0,2.9,83.0,0.3,3687.953996,248883232.0,0.669,12.6
2361,2012,South_East Asia,Lower_middle_income,Bhutan,Female,Developing,68.7,223.0,0,0.01,188.7373664,97.0,1,21.9,1,97.0,3.7,97.0,0.6,2422.816,752967.0,0.581,12.3
2362,2012,South_East Asia,Lower_middle_income,Bhutan,Male,Developing,68.7,223.0,0,0.01,188.7373664,97.0,1,21.9,1,97.0,3.7,97.0,0.6,2422.816,752967.0,0.581,12.3
2415,2012,Africa,Low_income,Ethiopia,Female,Developing,63.3,241.0,150,1.84,86.82551124,69.0,4347,16.4,221,7.0,5.77,69.0,1.2,468.567249,92444183.0,0.422,8.4
2417,2012,Africa,Low_income,Ethiopia,Male,Developing,63.3,241.0,150,1.84,86.82551124,69.0,4347,16.4,221,7.0,5.77,69.0,1.2,468.567249,92444183.0,0.422,8.4
2442,2012,Africa,Lower_middle_income,Cabo Verde,Female,Developing,72.7,121.0,0,0.01,33.55888998,94.0,0,29.0,0,94.0,4.61,94.0,0.3,348.482762,513979.0,0.636,13.2
2443,2012,Africa,Lower_middle_income,Cabo Verde,Male,Developing,72.7,121.0,0,0.01,33.55888998,94.0,0,29.0,0,94.0,4.61,94.0,0.3,348.482762,513979.0,0.636,13.2
2496,2012,Africa,Low_income,Zambia,Female,Developing,59.2,349.0,29,2.59,196.9152496,78.0,896,21.7,43,7.0,4.91,78.0,5.6,1734.93612,14699937.0,0.554,12.3
2498,2012,Africa,Low_income,Zambia,Male,Developing,59.2,349.0,29,2.59,196.9152496,78.0,896,21.7,43,7.0,4.91,78.0,5.6,1734.93612,14699937.0,0.554,12.3
2550,2012,Africa,Low_income,Mozambique,Female,Developing,54.8,48.0,64,1.19,49.90987221,76.0,145,21.3,90,73.0,5.58,76.0,6.9,566.513873,2567666.0,0.4,9.2
2551,2012,Africa,Low_income,Mozambique,Male,Developing,54.8,48.0,64,1.19,49.90987221,76.0,145,21.3,90,73.0,5.58,76.0,6.9,566.513873,2567666.0,0.4,9.2
2559,2012,Africa,Upper_middle_income,Mauritius,Male,Developing,73.9,154.0,0,0.01,915.1859205,98.0,0,31.8,0,98.0,4.76,98.0,0.1,9291.227619,1255882.0,0.756,14.3
2560,2012,Africa,Upper_middle_income,Mauritius,Female,Developing,73.9,154.0,0,0.01,915.1859205,98.0,0,31.8,0,98.0,4.76,98.0,0.1,9291.227619,1255882.0,0.756,14.3
2659,2012,Europe,High_income,Israel,Female,Developing,81.8,6.0,1,2.78,3830.184587,97.0,211,63.8,1,94.0,7.73,94.0,0.1,32569.59683,7915.0,0.889,15.9
2662,2012,Europe,High_income,Israel,Male,Developing,81.8,6.0,1,2.78,3830.184587,97.0,211,63.8,1,94.0,7.73,94.0,0.1,32569.59683,7915.0,0.889,15.9
2703,2012,Europe,Lower_middle_income,Georgia,Male,Developing,74.2,13.0,1,7.71,158.2576025,92.0,31,53.6,1,93.0,8.57,92.0,0.1,4142.869175,3825.0,0.749,13.4
2705,2012,Europe,Lower_middle_income,Georgia,Female,Developing,74.2,13.0,1,7.71,158.2576025,92.0,31,53.6,1,93.0,8.57,92.0,0.1,4142.869175,3825.0,0.749,13.4
2721,2012,Africa,Low_income,Niger,Female,Developing,63.0,232.0,49,0.01,29.75517982,71.0,272,18.1,90,71.0,6.11,71.0,0.7,391.515524,17731634.0,0.331,5.1
2723,2012,Africa,Low_income,Niger,Male,Developing,63.0,232.0,49,0.01,29.75517982,71.0,272,18.1,90,71.0,6.11,71.0,0.7,391.515524,17731634.0,0.331,5.1
2784,2012,Africa,Upper_middle_income,Seychelles,Female,Developing,72.7,174.0,0,0.01,177.2633961,99.0,0,34.8,0,98.0,4.8,98.0,0.1,12845.17363,8833.0,0.755,13.5
2789,2012,Africa,Upper_middle_income,Seychelles,Male,Developing,72.7,174.0,0,0.01,177.2633961,99.0,0,34.8,0,98.0,4.8,98.0,0.1,12845.17363,8833.0,0.755,13.5
2829,2012,Africa,Low_income,Rwanda,Female,Developing,64.6,239.0,13,0.01,9.774676411,98.0,75,19.5,18,98.0,7.68,98.0,0.7,678.796973,1788853.0,0.475,10.5
2832,2012,Africa,Low_income,Rwanda,Male,Developing,64.6,239.0,13,0.01,9.774676411,98.0,75,19.5,18,98.0,7.68,98.0,0.7,678.796973,1788853.0,0.475,10.5
2856,2012,Americas,Upper_middle_income,Peru,Male,Developing,74.9,129.0,9,5.14,885.9858185,95.0,0,53.6,11,94.0,5.18,95.0,0.1,6387.785281,3158966.0,0.725,13.4
2860,2012,Americas,Upper_middle_income,Peru,Female,Developing,74.9,129.0,9,5.14,885.9858185,95.0,0,53.6,11,94.0,5.18,95.0,0.1,6387.785281,3158966.0,0.725,13.4
2892,2012,Eastern Mediterranean,Lower_middle_income,Morocco,Female,Developing,73.6,99.0,19,0.55,19.15853732,99.0,668,55.5,22,99.0,6.15,99.0,0.1,294.746728,33333789.0,0.623,11.6
2894,2012,Eastern Mediterranean,Lower_middle_income,Morocco,Male,Developing,73.6,99.0,19,0.55,19.15853732,99.0,668,55.5,22,99.0,6.15,99.0,0.1,294.746728,33333789.0,0.623,11.6
2910,2012,Western Pacific,Lower_middle_income,Solomon Islands,Female,Developing,68.7,184.0,0,0.01,247.9492284,99.0,0,48.1,0,99.0,5.48,99.0,0.1,1858.689868,551531.0,0.505,9.4
2913,2012,Western Pacific,Lower_middle_income,Solomon Islands,Male,Developing,68.7,184.0,0,0.01,247.9492284,99.0,0,48.1,0,99.0,5.48,99.0,0.1,1858.689868,551531.0,0.505,9.4
2946,2012,Europe,Upper_middle_income,Romania,Female,Developed,74.4,138.0,2,9.58,1078.358105,96.0,7450,58.4,2,92.0,5.48,91.0,0.1,8558.39766,25835.0,0.797,15.3
2950,2012,Europe,Upper_middle_income,Romania,Male,Developed,74.4,138.0,2,9.58,1078.358105,96.0,7450,58.4,2,92.0,5.48,91.0,0.1,8558.39766,25835.0,0.797,15.3
2982,2012,Americas,Upper_middle_income,Brazil,Female,Developing,74.5,148.0,49,7.55,843.1946259,96.0,2,53.6,54,96.0,8.26,95.0,0.1,12291.46685,256983.0,0.73,14.2
2985,2012,Americas,Upper_middle_income,Brazil,Male,Developing,74.5,148.0,49,7.55,843.1946259,96.0,2,53.6,54,96.0,8.26,95.0,0.1,12291.46685,256983.0,0.73,14.2
3000,2012,Americas,Upper_middle_income,Argentina,Female,Developing,75.9,12.0,9,8.35,1133.558003,91.0,2,61.0,10,99.0,5.2,91.0,0.1,12969.7712,4296739.0,0.822,17.2
3001,2012,Americas,Upper_middle_income,Argentina,Male,Developing,75.9,12.0,9,8.35,1133.558003,91.0,2,61.0,10,99.0,5.2,91.0,0.1,12969.7712,4296739.0,0.822,17.2
3054,2012,Africa,Upper_middle_income,Botswana,Female,Developing,63.4,3.0,2,0.01,12.83447357,95.0,7,36.2,3,96.0,6.27,95.0,4.4,729.231453,289315.0,0.687,12.5
3055,2012,Africa,Upper_middle_income,Botswana,Male,Developing,63.4,3.0,2,0.01,12.83447357,95.0,7,36.2,3,96.0,6.27,95.0,4.4,729.231453,289315.0,0.687,12.5
3072,2012,Americas,Upper_middle_income,Suriname,Male,Developing,71.3,178.0,0,5.73,1168.324095,84.0,0,56.3,0,84.0,6.9,84.0,0.9,9272.413453,53777.0,0.708,12.7
3078,2012,Americas,Upper_middle_income,Suriname,Female,Developing,71.3,178.0,0,5.73,1168.324095,84.0,0,56.3,0,84.0,6.9,84.0,0.9,9272.413453,53777.0,0.708,12.7
3090,2012,Europe,Upper_middle_income,Bosnia and Herzegovina,Male,Developing,76.8,92.0,0,4.61,693.8226461,92.0,22,54.2,0,87.0,9.94,92.0,0.1,4716.673325,36482.0,0.728,13.9
3096,2012,Europe,Upper_middle_income,Bosnia and Herzegovina,Female,Developing,76.8,92.0,0,4.61,693.8226461,92.0,22,54.2,0,87.0,9.94,92.0,0.1,4716.673325,36482.0,0.728,13.9
3099,2012,Eastern Mediterranean,Low_income,Afghanistan,Female,Developing,59.5,272.0,69,0.01,78.1842153,67.0,2787,17.6,93,67.0,8.52,67.0,0.1,669.959,3696958.0,0.463,9.8
3100,2012,Eastern Mediterranean,Low_income,Afghanistan,Male,Developing,59.5,272.0,69,0.01,78.1842153,67.0,2787,17.6,93,67.0,8.52,67.0,0.1,669.959,3696958.0,0.463,9.8
3126,2012,Europe,High_income,Austria,Female,Developed,88.0,7.0,0,12.26,7878.372355,92.0,36,56.1,0,92.0,11.17,92.0,0.1,48333.57273,8429991.0,0.884,15.7
3127,2012,Europe,High_income,Austria,Male,Developed,88.0,7.0,0,12.26,7878.372355,92.0,36,56.1,0,92.0,11.17,92.0,0.1,48333.57273,8429991.0,0.884,15.7
3270,2012,Europe,Upper_middle_income,Bulgaria,Female,Developed,73.9,139.0,1,10.99,851.450672,95.0,1,63.9,1,95.0,7.11,95.0,0.1,7378.25539,735888.0,0.778,14.3
3272,2012,Europe,Upper_middle_income,Bulgaria,Male,Developed,73.9,139.0,1,10.99,851.450672,95.0,1,63.9,1,95.0,7.11,95.0,0.1,7378.25539,735888.0,0.778,14.3
3297,2012,Africa,Low_income,Burkina Faso,Male,Developing,58.6,271.0,41,4.75,78.76987363,9.0,7362,17.7,68,9.0,5.33,9.0,0.8,673.8227,16571216.0,0.384,7.2
3300,2012,Africa,Low_income,Burkina Faso,Female,Developing,58.6,271.0,41,4.75,78.76987363,9.0,7362,17.7,68,9.0,5.33,9.0,0.8,673.8227,16571216.0,0.384,7.2
3316,2012,Africa,Low_income,Ghana,Female,Developing,61.6,257.0,39,0.01,151.899429,92.0,1613,26.7,56,91.0,4.79,92.0,0.9,1629.8222,2573349.0,0.563,11.2
3317,2012,Africa,Low_income,Ghana,Male,Developing,61.6,257.0,39,0.01,151.899429,92.0,1613,26.7,56,91.0,4.79,92.0,0.9,1629.8222,2573349.0,0.563,11.2
3406,2012,Americas,Lower_middle_income,El Salvador,Male,Developing,73.0,181.0,2,2.48,591.7757569,92.0,0,54.1,2,93.0,6.7,92.0,0.3,3827.786267,6221246.0,0.67,13.2
3408,2012,Americas,Lower_middle_income,El Salvador,Female,Developing,73.0,181.0,2,2.48,591.7757569,92.0,0,54.1,2,93.0,6.7,92.0,0.3,3827.786267,6221246.0,0.67,13.2
3558,2012,Americas,Lower_middle_income,Honduras,Male,Developing,74.1,151.0,4,3.11,363.5721644,97.0,0,48.4,4,97.0,9.78,97.0,0.4,2178.38325,855646.0,0.614,11.6
3559,2012,Americas,Lower_middle_income,Honduras,Female,Developing,74.1,151.0,4,3.11,363.5721644,97.0,0,48.4,4,97.0,9.78,97.0,0.4,2178.38325,855646.0,0.614,11.6
3567,2012,Africa,Upper_middle_income,Algeria,Male,Developing,75.1,113.0,21,0.66,555.9260834,95.0,18,56.1,24,95.0,6.14,95.0,0.1,5564.82566,37565847.0,0.732,14.4
3569,2012,Africa,Upper_middle_income,Algeria,Female,Developing,75.1,113.0,21,0.66,555.9260834,95.0,18,56.1,24,95.0,6.14,95.0,0.1,5564.82566,37565847.0,0.732,14.4
3577,2012,Europe,High_income,France,Female,Developing,81.5,83.0,3,11.5,751.3793553,78.0,0,61.1,3,99.0,11.44,99.0,0.1,4838.2444,6565979.0,0.885,16.1
3578,2012,Europe,High_income,France,Male,Developing,81.5,83.0,3,11.5,751.3793553,78.0,0,61.1,3,99.0,11.44,99.0,0.1,4838.2444,6565979.0,0.885,16.1
3586,2012,Europe,Lower_middle_income,Azerbaijan,Male,Developing,71.9,123.0,5,0.01,285.6103912,88.0,0,49.7,6,92.0,5.37,89.0,0.1,7496.335728,9295784.0,0.742,11.8
3589,2012,Europe,Lower_middle_income,Azerbaijan,Female,Developing,71.9,123.0,5,0.01,285.6103912,88.0,0,49.7,6,92.0,5.37,89.0,0.1,7496.335728,9295784.0,0.742,11.8
3675,2012,Africa,Low_income,Chad,Male,Developing,51.8,367.0,46,0.62,57.8242709,4.0,120,17.9,79,51.0,3.0,4.0,3.6,973.472574,1275135.0,0.381,7.3
3676,2012,Africa,Low_income,Chad,Female,Developing,51.8,367.0,46,0.62,57.8242709,4.0,120,17.9,79,51.0,3.0,4.0,3.6,973.472574,1275135.0,0.381,7.3
3768,2012,Americas,Upper_middle_income,Jamaica,Male,Developing,75.3,138.0,1,3.65,37.17108782,96.0,0,52.0,1,96.0,5.66,96.0,0.5,521.33363,284992.0,0.725,12.8
3772,2012,Americas,Upper_middle_income,Jamaica,Female,Developing,75.3,138.0,1,3.65,37.17108782,96.0,0,52.0,1,96.0,5.66,96.0,0.5,521.33363,284992.0,0.725,12.8
3903,2012,Americas,Lower_middle_income,Guatemala,Male,Developing,71.3,189.0,11,2.02,484.7187892,96.0,0,48.6,13,94.0,6.33,96.0,0.4,3299.65139,1527156.0,0.616,10.6
3906,2012,Americas,Lower_middle_income,Guatemala,Female,Developing,71.3,189.0,11,2.02,484.7187892,96.0,0,48.6,13,94.0,6.33,96.0,0.4,3299.65139,1527156.0,0.616,10.6
3923,2012,Europe,High_income,Italy,Female,Developed,82.0,6.0,2,7.49,4793.904924,96.0,376,62.1,2,96.0,9.28,97.0,0.1,34814.12436,59539717.0,0.877,16.6
3924,2012,Europe,High_income,Italy,Male,Developed,82.0,6.0,2,7.49,4793.904924,96.0,376,62.1,2,96.0,9.28,97.0,0.1,34814.12436,59539717.0,0.877,16.6
3939,2012,Eastern Mediterranean,Lower_middle_income,Jordan,Male,Developing,73.7,115.0,4,0.41,67.70171064,98.0,3,63.2,4,98.0,8.0,98.0,0.1,387.753211,7992573.0,0.735,12.9
3941,2012,Eastern Mediterranean,Lower_middle_income,Jordan,Female,Developing,73.7,115.0,4,0.41,67.70171064,98.0,3,63.2,4,98.0,8.0,98.0,0.1,387.753211,7992573.0,0.735,12.9
4038,2012,Europe,Upper_middle_income,Montenegro,Female,Developing,75.6,11.0,0,0.01,648.1331781,9.0,0,6.2,0,94.0,7.25,94.0,0.1,6586.71929,6261.0,0.797,15.1
4041,2012,Europe,Upper_middle_income,Montenegro,Male,Developing,75.6,11.0,0,0.01,648.1331781,9.0,0,6.2,0,94.0,7.25,94.0,0.1,6586.71929,6261.0,0.797,15.1
4047,2012,Europe,High_income,Greece,Female,Developing,84.0,76.0,0,8.2,2528.992935,98.0,3,64.9,0,99.0,9.24,99.0,0.1,22242.68193,114511.0,0.858,16.8
4048,2012,Europe,High_income,Greece,Male,Developing,84.0,76.0,0,8.2,2528.992935,98.0,3,64.9,0,99.0,9.24,99.0,0.1,22242.68193,114511.0,0.858,16.8
4076,2012,Americas,Upper_middle_income,Colombia,Female,Developing,74.3,143.0,11,4.44,1487.896562,92.0,1,55.7,13,91.0,6.93,91.0,0.1,7884.984429,46881475.0,0.707,13.2
4079,2012,Americas,Upper_middle_income,Colombia,Male,Developing,74.3,143.0,11,4.44,1487.896562,92.0,1,55.7,13,91.0,6.93,91.0,0.1,7884.984429,46881475.0,0.707,13.2
4120,2012,Western Pacific,Low_income,Cambodia,Female,Developing,67.4,186.0,12,0.01,6.914723983,86.0,15,17.6,14,84.0,6.24,86.0,0.3,95.244132,14776866.0,0.54,10.7
4121,2012,Western Pacific,Low_income,Cambodia,Male,Developing,67.4,186.0,12,0.01,6.914723983,86.0,15,17.6,14,84.0,6.24,86.0,0.3,95.244132,14776866.0,0.54,10.7
4129,2012,Eastern Mediterranean,Upper_middle_income,Lebanon,Male,Developing,75.0,93.0,1,1.53,151.1526829,81.0,9,64.4,1,75.0,6.99,81.0,0.1,8787.94668,491644.0,0.763,13.3
4130,2012,Eastern Mediterranean,Upper_middle_income,Lebanon,Female,Developing,75.0,93.0,1,1.53,151.1526829,81.0,9,64.4,1,75.0,6.99,81.0,0.1,8787.94668,491644.0,0.763,13.3
4139,2012,Europe,Lower_middle_income,Albania,Female,Developing,76.9,86.0,0,5.14,412.4433563,99.0,9,55.8,1,99.0,5.59,99.0,0.1,4247.61438,2941.0,0.752,14.2
4140,2012,Europe,Lower_middle_income,Albania,Male,Developing,76.9,86.0,0,5.14,412.4433563,99.0,9,55.8,1,99.0,5.59,99.0,0.1,4247.61438,2941.0,0.752,14.2
4210,2012,Western Pacific,Upper_middle_income,Malaysia,Male,Developing,74.5,129.0,3,0.53,101.609245,97.0,1868,37.4,4,97.0,4.1,97.0,0.1,1779.49641,2917456.0,0.776,12.9
4211,2012,Western Pacific,Upper_middle_income,Malaysia,Female,Developing,74.5,129.0,3,0.53,101.609245,97.0,1868,37.4,4,97.0,4.1,97.0,0.1,1779.49641,2917456.0,0.776,12.9
4219,2012,Africa,Low_income,Mauritania,Male,Developing,62.5,29.0,8,0.01,62.48419552,8.0,35,28.8,12,8.0,3.36,8.0,1.2,1364.283745,383239.0,0.491,7.8
4220,2012,Africa,Low_income,Mauritania,Female,Developing,62.5,29.0,8,0.01,62.48419552,8.0,35,28.8,12,8.0,3.36,8.0,1.2,1364.283745,383239.0,0.491,7.8
4228,2012,Africa,Low_income,Togo,Female,Developing,58.9,294.0,14,0.01,41.60027954,84.0,238,22.6,21,84.0,5.11,84.0,1.7,563.6894247,6859482.0,0.464,12.0
4229,2012,Africa,Low_income,Togo,Male,Developing,58.9,294.0,14,0.01,41.60027954,84.0,238,22.6,21,84.0,5.11,84.0,1.7,563.6894247,6859482.0,0.464,12.0
4238,2012,Western Pacific,Lower_middle_income,Samoa,Female,Developing,73.2,136.0,0,0.01,492.0552263,64.0,1,73.4,0,62.0,5.2,64.0,0.1,4234.554443,189194.0,0.698,12.9
4241,2012,Western Pacific,Lower_middle_income,Samoa,Male,Developing,73.2,136.0,0,0.01,492.0552263,64.0,1,73.4,0,62.0,5.2,64.0,0.1,4234.554443,189194.0,0.698,12.9
4317,2012,South_East Asia,Low_income,Myanmar,Female,Developing,65.9,25.0,44,0.55,38.4279083,58.0,2175,21.3,58,87.0,2.22,84.0,0.5,1171.58257,5986514.0,0.533,9.1
4318,2012,South_East Asia,Low_income,Myanmar,Male,Developing,65.9,25.0,44,0.55,38.4279083,58.0,2175,21.3,58,87.0,2.22,84.0,0.5,1171.58257,5986514.0,0.533,9.1
4335,2012,Europe,Upper_middle_income,Russian Federation,Female,Developing,69.6,237.0,14,10.99,178.8225911,97.0,2123,58.7,16,98.0,6.88,97.0,0.3,15154.45687,14321676.0,0.792,14.3
4336,2012,Europe,Upper_middle_income,Russian Federation,Male,Developing,69.6,237.0,14,10.99,178.8225911,97.0,2123,58.7,16,98.0,6.88,97.0,0.3,15154.45687,14321676.0,0.792,14.3
4425,2012,Europe,Lower_middle_income,Ukraine,Female,Developing,77.0,25.0,5,8.44,453.7830847,46.0,12746,59.6,5,72.0,7.47,76.0,0.2,3855.42128,455933.0,0.739,15.1
4426,2012,Europe,Lower_middle_income,Ukraine,Male,Developing,77.0,25.0,5,8.44,453.7830847,46.0,12746,59.6,5,72.0,7.47,76.0,0.2,3855.42128,455933.0,0.739,15.1
4435,2012,Europe,Low_income,Uzbekistan,Male,Developing,68.8,184.0,18,0.01,16.71406295,99.0,0,42.2,21,99.0,6.49,99.0,0.1,174.468298,297745.0,0.673,12.0
4436,2012,Europe,Low_income,Uzbekistan,Female,Developing,68.8,184.0,18,0.01,16.71406295,99.0,0,42.2,21,99.0,6.49,99.0,0.1,174.468298,297745.0,0.673,12.0
4452,2012,Europe,Upper_middle_income,Turkey,Female,Developing,74.8,112.0,19,1.54,20.75120211,97.0,349,63.7,22,97.0,5.24,97.0,0.1,1172.3843,74569867.0,0.75,14.3
4454,2012,Europe,Upper_middle_income,Turkey,Male,Developing,74.8,112.0,19,1.54,20.75120211,97.0,349,63.7,22,97.0,5.24,97.0,0.1,1172.3843,74569867.0,0.75,14.3
4462,2012,Western Pacific,Lower_middle_income,Philippines,Female,Developing,68.1,217.0,56,5.02,212.7418488,88.0,1536,23.7,71,88.0,4.46,88.0,0.1,2581.818554,96866642.0,0.666,11.6
4463,2012,Western Pacific,Lower_middle_income,Philippines,Male,Developing,68.1,217.0,56,5.02,212.7418488,88.0,1536,23.7,71,88.0,4.46,88.0,0.1,2581.818554,96866642.0,0.666,11.6
4515,2012,Africa,Upper_middle_income,South Africa,Female,Developing,59.2,48.0,43,7.38,1089.954838,68.0,32,48.7,56,65.0,8.79,65.0,7.6,7548.163698,5256515.8,0.644,12.8
4516,2012,Africa,Upper_middle_income,South Africa,Male,Developing,59.2,48.0,43,7.38,1089.954838,68.0,32,48.7,56,65.0,8.79,65.0,7.6,7548.163698,5256515.8,0.644,12.8
4560,2012,Africa,Low_income,Kenya,Male,Developing,62.1,263.0,59,1.81,154.2269697,94.0,0,2.1,84,94.0,5.49,94.0,3.0,1155.2582,43646629.0,0.536,11.1
4561,2012,Africa,Low_income,Kenya,Female,Developing,62.1,263.0,59,1.81,154.2269697,94.0,0,2.1,84,94.0,5.49,94.0,3.0,1155.2582,43646629.0,0.536,11.1
4569,2012,Africa,Low_income,Senegal,Female,Developing,65.6,2.0,20,0.28,10.20659464,91.0,46,22.7,29,83.0,4.31,91.0,0.4,136.4518,1373513.0,0.463,8.3
4570,2012,Africa,Low_income,Senegal,Male,Developing,65.6,2.0,20,0.28,10.20659464,91.0,46,22.7,29,83.0,4.31,91.0,0.4,136.4518,1373513.0,0.463,8.3
4578,2012,Africa,Low_income,Burundi,Female,Developing,58.0,312.0,22,0.01,38.73170505,96.0,49,17.1,33,96.0,8.21,96.0,1.2,265.285651,931971.0,0.393,10.3
4579,2012,Africa,Low_income,Burundi,Male,Developing,58.0,312.0,22,0.01,38.73170505,96.0,49,17.1,33,96.0,8.21,96.0,1.2,265.285651,931971.0,0.393,10.3
4587,2012,Africa,Low_income,Liberia,Male,Developing,67.0,261.0,9,0.01,48.09891474,8.0,43,25.6,12,8.0,1.19,8.0,1.2,415.361958,4181563.0,0.416,9.6
4588,2012,Africa,Low_income,Liberia,Female,Developing,67.0,261.0,9,0.01,48.09891474,8.0,43,25.6,12,8.0,1.19,8.0,1.2,415.361958,4181563.0,0.416,9.6
4596,2012,Americas,Lower_middle_income,Ecuador,Male,Developing,75.5,127.0,7,3.92,41.88087712,88.0,72,52.1,8,85.0,6.48,87.0,0.1,572.14313,15419666.0,0.717,13.3
4599,2012,Americas,Lower_middle_income,Ecuador,Female,Developing,75.5,127.0,7,3.92,41.88087712,88.0,72,52.1,8,85.0,6.48,87.0,0.1,572.14313,15419666.0,0.717,13.3
4650,2012,Europe,High_income,Belgium,Male,Developed,83.0,78.0,0,10.08,664.4738975,98.0,109,62.6,1,99.0,1.54,99.0,0.1,4474.5717,11128246.0,0.886,16.2
4653,2012,Europe,High_income,Belgium,Female,Developed,83.0,78.0,0,10.08,664.4738975,98.0,109,62.6,1,99.0,1.54,99.0,0.1,4474.5717,11128246.0,0.886,16.2
4769,2012,Africa,Upper_middle_income,Gabon,Female,Developing,63.5,276.0,2,8.3,805.3925284,82.0,2,34.6,3,8.0,3.13,82.0,4.9,9774.18117,1756817.0,0.669,12.5
4771,2012,Africa,Upper_middle_income,Gabon,Male,Developing,63.5,276.0,2,8.3,805.3925284,82.0,2,34.6,3,8.0,3.13,82.0,4.9,9774.18117,1756817.0,0.669,12.5
4785,2012,Europe,Upper_middle_income,Kazakhstan,Male,Developing,69.1,214.0,6,6.82,235.3566066,95.0,55,5.6,7,98.0,4.32,99.0,0.1,12387.18982,16791425.0,0.774,14.7
4786,2012,Europe,Upper_middle_income,Kazakhstan,Female,Developing,69.1,214.0,6,6.82,235.3566066,95.0,55,5.6,7,98.0,4.32,99.0,0.1,12387.18982,16791425.0,0.774,14.7
4821,2012,Americas,Lower_middle_income,Nicaragua,Male,Developing,73.9,157.0,2,3.63,334.8174246,98.0,0,51.7,3,99.0,8.4,98.0,0.1,1792.3845,587718.0,0.625,11.5
4822,2012,Americas,Lower_middle_income,Nicaragua,Female,Developing,73.9,157.0,2,3.63,334.8174246,98.0,0,51.7,3,99.0,8.4,98.0,0.1,1792.3845,587718.0,0.625,11.5
4842,2012,Americas,Lower_middle_income,Belize,Female,Developing,69.4,189.0,0,6.66,582.8027185,98.0,0,48.5,0,98.0,5.45,98.0,0.1,4673.63848,33671.0,0.702,12.5
4845,2012,Americas,Lower_middle_income,Belize,Male,Developing,69.4,189.0,0,6.66,582.8027185,98.0,0,48.5,0,98.0,5.45,98.0,0.1,4673.63848,33671.0,0.702,12.5
4860,2012,Africa,Lower_middle_income,Swaziland,Male,Developing,56.5,412.0,2,0.01,720.2333929,95.0,0,3.7,3,92.0,8.76,95.0,12.2,3851.51547,1248158.0,0.534,11.3
4861,2012,Africa,Lower_middle_income,Swaziland,Female,Developing,56.5,412.0,2,0.01,720.2333929,95.0,0,3.7,3,92.0,8.76,95.0,12.2,3851.51547,1248158.0,0.534,11.3
4866,2012,Americas,High_income,Trinidad and Tobago,Male,Developing,78.0,174.0,0,6.7,1486.236406,92.0,0,44.0,0,91.0,5.78,92.0,0.4,19152.531,1341588.0,0.772,12.6
4869,2012,Americas,High_income,Trinidad and Tobago,Female,Developing,78.0,174.0,0,6.7,1486.236406,92.0,0,44.0,0,91.0,5.78,92.0,0.4,19152.531,1341588.0,0.772,12.6
4876,2012,Americas,Upper_middle_income,Mexico,Male,Developing,76.3,123.0,33,5.29,112.696486,99.0,0,61.5,38,99.0,6.21,99.0,0.1,982.532572,1282837.0,0.748,12.7
4880,2012,Americas,Upper_middle_income,Mexico,Female,Developing,76.3,123.0,33,5.29,112.696486,99.0,0,61.5,38,99.0,6.21,99.0,0.1,982.532572,1282837.0,0.748,12.7
4885,2012,Africa,Lower_middle_income,Lesotho,Male,Developing,52.2,513.0,4,0.01,168.1348992,95.0,179,3.8,6,93.0,11.14,95.0,9.0,1281.516,289928.0,0.479,11.0
4886,2012,Africa,Lower_middle_income,Lesotho,Female,Developing,52.2,513.0,4,0.01,168.1348992,95.0,179,3.8,6,93.0,11.14,95.0,9.0,1281.516,289928.0,0.479,11.0
4929,2012,Europe,High_income,Malta,Female,Developed,81.0,58.0,0,7.67,343.123395,93.0,0,68.4,0,99.0,9.95,99.0,0.1,2193.8836,419455.0,0.821,14.1
4931,2012,Europe,High_income,Malta,Male,Developed,81.0,58.0,0,7.67,343.123395,93.0,0,68.4,0,99.0,9.95,99.0,0.1,2193.8836,419455.0,0.821,14.1
